name,sequence,org_label
qvae_sample_1,MLRRRLLRRLRRRASSASRARSSSRSSSS,Rhoto
qvae_sample_3,MLRRRLLRRLRRRASSASRALASSRSSS,Rhoto
qvae_sample_4,MASRRLLRRALRRRSSAARAAASSSSSSSS,Rhoto
qvae_sample_5,MLRRRLLRRLLRLASSARRAAARSSSAS,Rhoto
qvae_sample_7,MAARRLRRRALLRRSSAASAASRSSSSSS,Rhoto
qvae_sample_8,MAARRLRRRALRRRRSAASARASSSSS,Rhoto
qvae_sample_11,MAARRLRRRALRRARSASSARASLSSASS,Rhoto
qvae_sample_12,MLARRLRRRALRLRSSASSARSSSSSSSS,Rhoto
qvae_sample_13,MLALALRRLALLRRRSAASARSSSSSRSS,Rhoto
qvae_sample_15,MLSRRLLRRLRRLARSASSARSSSSSRS,Rhoto
qvae_sample_16,MLARRLLRRRLRRARSASSALASSSSSS,Rhoto
qvae_sample_17,MLARRLLRRALRRRRSARSARSSSSSSS,Rhoto
qvae_sample_18,MLARRLRRRARLRRRSARSARSSSSSSS,Rhoto
qvae_sample_20,MASRRLLRRLLRLARSASRARSSSRSSS,Rhoto
qvae_sample_21,MAARRLLRRLLRRASSASAALASSSSSS,Rhoto
qvae_sample_22,MASRLLRRRALRRRRSAARAASRSSSSS,Rhoto
qvae_sample_24,MLSRRLRRLLLRRRRSARSARASSASSSSS,Rhoto
qvae_sample_25,MAARRLLRLLLRLASSAARARSRLSSSSS,Rhoto
qvae_sample_26,MLARRLRRRLLRRASSAARARSSSSSSS,Rhoto
qvae_sample_27,MAARRLRRRLLRAARSAASALASLSSSS,Rhoto
qvae_sample_28,MAARLLLRRLLRLSRSAASARRSLSSSSS,Rhoto
qvae_sample_29,MAARLLLRRLLRRARSARSARASLSSSS,Rhoto
qvae_sample_31,MLSRRLRRRLRRLASSASAARSSSRSSSS,Rhoto
qvae_sample_33,MLSRRLRRRRLRRASSASAAASSSSSSSS,Rhoto
qvae_sample_34,MLARRLLRRARLRASSAASAASRSSSASS,Rhoto
qvae_sample_37,MASRLLLRRALRRASSAARARARSSSSSS,Rhoto
qvae_sample_39,MLRRRLRRRLLRRARSASSLSSSSSSR,Rhoto
qvae_sample_40,MLARRLLRRLLRRASSASSALASSSS,Rhoto
qvae_sample_41,MLRRRLRRRALLRRRSRRSARSSSSS,Rhoto
qvae_sample_42,MLRRRLRRLLLRRARSASSARASLSSRS,Rhoto
qvae_sample_44,MLSRRLRRRRLRRASSASSAAASSSSSS,Rhoto
qvae_sample_45,MASLRLLRLALRRASSSSRARARSRSASSS,Rhoto
qvae_sample_46,MLSLRLLRLLRRRARSARRARSRSRSAS,Rhoto
qvae_sample_47,MAARRLLRLLLRRASSASSARARSSSAS,Rhoto
qvae_sample_48,MASLRLLRRALRRASSARRARALSSSAS,Rhoto
qvae_sample_49,MASLRLRRLALRRRRSAARARSSSRS,Rhoto
qvae_sample_51,MLARRLLRLALRRARSSRRARASLSSAS,Rhoto
qvae_sample_52,MASLRLRRLLLRRARSSARARARSRSASS,Rhoto
qvae_sample_53,MAARLLLRLALRRARAAARARSRLSSAS,Rhoto
qvae_sample_54,MLSRRLLRRALRRSSSSSRARARARSAS,Rhoto
qvae_sample_55,MLSLRLLRLLLRRASAASSARARSSS,Rhoto
qvae_sample_56,MASRRLRRLALRLASAASRLASRSSSSSSS,Rhoto
qvae_sample_57,MLARRLRRLLRRLASSARRASARSSSSS,Rhoto
qvae_sample_60,MASRRLRRLALLRRRSAASAASRSSSLS,Rhoto
qvae_sample_61,MLSRALRRLRLLRARAASSARSSSSSSSSS,Rhoto
qvae_sample_64,MASRALLRRLLRRASSAARASSRSSSSS,Rhoto
qvae_sample_66,MLSRRLRRRLLLRARSASSLSSSSSSRS,Rhoto
qvae_sample_68,MASRRLLRRLLRRSRSASSAAASARSSSSS,Rhoto
qvae_sample_69,MAARRLRRRLLRRSRSSSAARSLSRSSS,Rhoto
qvae_sample_70,MARRRLLRRLLRRARSASSAAALSRSSSSS,Rhoto
qvae_sample_71,MASRRLLRRLLRRASAASAAAAASSSSS,Rhoto
qvae_sample_72,MASRRLRRLARLRSRSAASAASSARSSS,Rhoto
qvae_sample_76,MAARALLRRLLRRSRSAARARARASSSS,Rhoto
qvae_sample_79,MASRALRRLLLRRSRSRARARAAAASSS,Rhoto
qvae_sample_80,MASRALRRLLLRRARSASRSAASASSSSS,Rhoto
qvae_sample_82,MLARRLRRRLLRRARSSARAASSSRSSSS,Rhoto
qvae_sample_83,MLARRLLRRLLRRRSSASSALARASSSSS,Rhoto
qvae_sample_84,MLARRLLRRLLRRRSAAAAAAASSSSSSS,Rhoto
qvae_sample_85,MLARRLLRRRLRLRRAAASALSSLSSSSS,Rhoto
qvae_sample_86,MLARRLLRRLLRRRRSARRALSSSSSSSSS,Rhoto
qvae_sample_88,MLSRRLLRRLLRRRSAAAAARSRLSSSSS,Rhoto
qvae_sample_89,MLSRRLLRRLLRRASAASAAASSSSSSSSS,Rhoto
qvae_sample_90,MLSRRLLRRLLRRARAASRAASSSSSS,Rhoto
qvae_sample_91,MAALRLLRRLLRRRSASARAASSASSASS,Rhoto
qvae_sample_92,MAARRLRRRLLRRASASRRLASRASSSSSS,Rhoto
qvae_sample_94,MAARRLLRRALLRASSASSARSSSSSSSSS,Rhoto
qvae_sample_95,MAALRLRRRLRRRRRSARRARSRSASRS,Rhoto
qvae_sample_96,MAARRLLRRALRRASSASSARASSSSASS,Rhoto
qvae_sample_98,MASRRLLRRALRRRSSAASARSRSASRS,Rhoto
qvae_sample_100,MAARRLLRRARLRRLSASSARSSSASSSS,Rhoto
qvae_sample_101,MASRLLLRRALRRARSAAAARSSASSSSSS,Rhoto
qvae_sample_102,MAARALRRRLLRRASSASRARSRASSSSS,Rhoto
qvae_sample_104,MARLRLLRRALLRRSSASRARSSASSS,Rhoto
qvae_sample_105,MASLALLRRLLRRASSSRRARSRSRSASS,Rhoto
qvae_sample_106,MASRRLLRRALRRRSSARSARSRSSSSSS,Rhoto
qvae_sample_107,MAARALLRRLRLRASSAASARSRAASSSS,Rhoto
qvae_sample_108,MAARRLLRRLRRRRSAARRAASRARSASS,Rhoto
qvae_sample_110,MLARRLRRRRLRLRSRASSAAASSSSSSS,Rhoto
qvae_sample_112,MASRRLRRLALRRRSSARSARSSLSSSS,Rhoto
qvae_sample_114,MLARRLLRRLLRRRRSASSARASLSSSSSS,Rhoto
qvae_sample_115,MLARRLLRLALRRRRSAAAAAASLSSSSSS,Rhoto
qvae_sample_118,MAARRLLRLRLRRSRSSLRARSSLSSASS,Rhoto
qvae_sample_123,MARRRLLRRLLRLARSASRAAASLSSSSSS,Rhoto
qvae_sample_124,MLRLRLLRRLLRLSRSASRASASSASSS,Rhoto
qvae_sample_125,MARRRLLRRLLRRARSASRALASSSSSS,Rhoto
qvae_sample_126,MARRRLLRRLLRRASSARRAAARSSSSS,Rhoto
qvae_sample_127,MARRRLRRRALRRRRSALRARRSSSS,Rhoto
qvae_sample_128,MARRRLLRRLLRLARSASSARSSLSSSSS,Rhoto
qvae_sample_129,MARRALRRRLLRRARSASSASASLSSSS,Rhoto
qvae_sample_130,MARRRLLRRLLRRALSARRARASSSSSS,Rhoto
qvae_sample_131,MASLRLLRLLLRRRRSARRAAASSSSSS,Rhoto
qvae_sample_132,MASRRLLRRLLRRARSARRARSSSSSSS,Rhoto
qvae_sample_133,MLARRLLRRRLARARSASRAAASSASSSSS,Rhoto
qvae_sample_134,MARRRLLRRLLRRARSASRAAASASSS,Rhoto
qvae_sample_135,MARRRLLRRLLRRARSASRALASSS,Rhoto
qvae_sample_136,MARRRLLRRLLRRARSRRSAARSASS,Rhoto
qvae_sample_137,MLRRRLLRRLLRRARSASSASASLSSSS,Rhoto
qvae_sample_138,MASLRLLRRLLRRRRSARRARASSSS,Rhoto
qvae_sample_139,MLSRRLLRRRLRRARSASRAAASSSSSS,Rhoto
qvae_sample_140,MASLALLRLLLRRARSALRARARSSSAS,Rhoto
qvae_sample_141,MARRALLRRLLRRASSASRARARSS,Rhoto
qvae_sample_142,MASLRLLRLLLRRARSASRARARAS,Rhoto
qvae_sample_143,MASRALRRRALRRARSASRASARSSSSS,Rhoto
qvae_sample_144,MLSRALRRRLLRRARSASRSAASSSS,Rhoto
qvae_sample_145,MARRRLLRRLLRRSRSAARAAASASSSSS,Rhoto
qvae_sample_146,MARRRLLRRLLRRARSASRASASSSSSS,Rhoto
qvae_sample_147,MARRRLLRRLLRRARSARRAAASSSSSS,Rhoto
qvae_sample_148,MAARRLLRRLLRRARASRRAASSASSSSS,Rhoto
qvae_sample_149,MARLALLRRLLRRARSARRARSRSSSSS,Rhoto
qvae_sample_151,MASRLLLRLLLRRARSSSRAARSARS,Rhoto
qvae_sample_152,MLSRRLLRLLLRRASSASRAASSSSSSSSS,Rhoto
qvae_sample_153,MLSLRLLRRLLRRASSAARARSSSSSSS,Rhoto
qvae_sample_154,MLSRRLLRRRLRRARSASRARASSSSSS,Rhoto
qvae_sample_155,MLSRRLLRRRLLRASSARRARARSSSAS,Rhoto
qvae_sample_156,MASRRLRRLALLRARSAARARRRSRSAS,Rhoto
qvae_sample_157,MASRRLRRRRLLRRRSALRARRSSRS,Rhoto
qvae_sample_160,MLSLRLRRLRRLRARSSASARSSSSSRS,Rhoto
qvae_sample_161,MLSRRLLRRLLRRARSASRARASSSSSS,Rhoto
qvae_sample_162,MLSRRLLRRRLRRARSSARAAASSSSSSSS,Rhoto
qvae_sample_163,MLSRALLRLLLRRARSAARARASSSSSS,Rhoto
qvae_sample_164,MLSRRLLRRLLRRARSASRARSSSRSSSSS,Rhoto
qvae_sample_165,MLSRRLRRRLLRRARSASSARSSSSSS,Rhoto
qvae_sample_166,MLSRRLRRRLLRLARSARRARSSSSS,Rhoto
qvae_sample_167,MLSRRLLRRLLRRRRSASRARSSSSS,Rhoto
qvae_sample_168,MLALRLRRRRLRRRLSARSARRSSSS,Rhoto
qvae_sample_169,MASRRLRRRLLLRARSARSARRSSRS,Rhoto
qvae_sample_170,MLALRLRRLLLRRARSASSASSSSSS,Rhoto
qvae_sample_172,MLSRRLRRRRLRRARSASAARSSSSSS,Rhoto
qvae_sample_173,MLSLRLLRLALRRASSSLRARRRSSSAS,Rhoto
qvae_sample_174,MASLRLLRRRLRRASSSLRARRRSSS,Rhoto
qvae_sample_175,MASLRLRRLLLRRSRSSRRARRRSRS,Rhoto
qvae_sample_176,MLSLRLRRLRLRRARSSSRARASSSSAS,Rhoto
qvae_sample_177,MLSLRLRRLLLRRARSSSRARSRSSS,Rhoto
qvae_sample_178,MASRRLRRRLLRRASSARRARSSSSSSS,Rhoto
qvae_sample_179,MLSRRLRRLLLRRARSARSASSSAS,Rhoto
qvae_sample_180,MASRRLRRRLLRRARSSSRARSSSRSSSS,Rhoto
qvae_sample_181,MASRRLRRRLLRRARSSRRAASSASS,Rhoto
qvae_sample_182,MLSRRLLRRLLRRARAARRAASRSSSSSSS,Rhoto
qvae_sample_183,MLSRRLLRRLLRRARSARRAARSSSS,Rhoto
qvae_sample_184,MASRRLLRRLLLRASSASRARSLASSSS,Rhoto
qvae_sample_185,MLSRRLLRLRLRRARSASRAASSSSSSSSS,Rhoto
qvae_sample_187,MASLRLLRRRLRRARSARRAAASSSSSS,Rhoto
qvae_sample_188,MASRRLLRRLLRRARSARRARRSASSS,Rhoto
qvae_sample_189,MLRRRLLRRLRARARSASRARSSSRSSS,Rhoto
qvae_sample_190,MAARALRRRLLRRASSASRALASSSSSSSS,Rhoto
qvae_sample_191,MASRRLLRRALRRRSAASRAAASSSSSS,Rhoto
qvae_sample_192,MAARALRRRALLLRRSAASAAARASSSSS,Rhoto
qvae_sample_193,MAARALRRRALLRRRSASRARASSSSS,Rhoto
qvae_sample_195,MLSRRLLRRLLRRARAASRAAASSSSSSSS,Rhoto
qvae_sample_197,MLRRALRRRLLRRARSASRARASSSSSS,Rhoto
qvae_sample_199,MLSRRLRRRLLRRARSASSARSSSRS,Rhoto
qvae_sample_200,MASRRLRRRLLRRARSASRALASSSSS,Rhoto
qvae_sample_201,MASRRLRRRLLRRRSAASRAAASSSS,Rhoto
qvae_sample_203,MLSRRLLRLLLRRALSSSSARSSSSSSS,Rhoto
qvae_sample_206,MASRRLRRRLLRRARSASSARASAS,Rhoto
qvae_sample_209,MAARRLLRRLLLRARSSAAAAASARSSSSS,Rhoto
qvae_sample_210,MASRRLLRRLLLRARSARRAAASARSSS,Rhoto
qvae_sample_211,MASRRLLRRLLARARAARRAASSASSSSSS,Rhoto
qvae_sample_212,MASRRLLRRLLLRARSASRAASSASS,Rhoto
qvae_sample_215,MARRALRRRLLARARSARRAAASASSSS,Rhoto
qvae_sample_216,MASRRLLRRLLRRARSARRARASASSS,Rhoto
qvae_sample_218,MASRRLRRRLLRRRRSARRARSSASS,Rhoto
qvae_sample_219,MLARRLLRLLLRRRSSARRALALSASASSS,Rhoto
qvae_sample_220,MLARRLRRLLLRRRSSASRALALSASRSS,Rhoto
qvae_sample_221,MLARRLRRRLLRRRRSASSALALSRSSSS,Rhoto
qvae_sample_222,MLARRLLRRALRLRSSARRAAARSSSASS,Rhoto
qvae_sample_223,MAARRLRRLALRRRRSARRAARRSASRS,Rhoto
qvae_sample_224,MAARRLRRRALRRRRSARRARRRSRS,Rhoto
qvae_sample_225,MLARRLRRLRLRLRRAASSALASSSSSSS,Rhoto
qvae_sample_226,MLARRLLRRRLRRRRAARRALASSRSSSS,Rhoto
qvae_sample_227,MASRRLLRLLLRRRRSALRARASRSSASSS,Rhoto
qvae_sample_228,MAARLLRRRLLRLRRSARRARALSSSSS,Rhoto
qvae_sample_229,MLARRLRRRLLRLRSSASAALASSRSASSS,Rhoto
qvae_sample_230,MLARRLRRRLLRRRRSASRASASSSSSS,Rhoto
qvae_sample_232,MLRRRLRRRLLRRRRSARRASRRSR,Rhoto
qvae_sample_233,MAARALRRLLLRRRSAARRARALSRRAS,Rhoto
qvae_sample_234,MAARRLRRRLLRRRSSARSARARSRRA,Rhoto
qvae_sample_236,MLSRRLRRLLLRRRRAARSARARSS,Rhoto
qvae_sample_237,MASRALRRLLLRLASAARRASASSASSSS,Rhoto
qvae_sample_239,MLARRLLRLLLRRRRAARRAASLSSSSSS,Rhoto
qvae_sample_240,MAARRLLRRLLRRRSSARRARSLSASASS,Rhoto
qvae_sample_241,MLARRLRRRLLRRRRSARRAAASLSSSSS,Rhoto
qvae_sample_242,MARRRLLRLLLRLARSSRRAAASSSSSSS,Rhoto
qvae_sample_243,MLSRRLLRLLLRRARSARRARASSSSSSS,Rhoto
qvae_sample_244,MAARALLRLRLRRRRSARRALASSSSSSSS,Rhoto
qvae_sample_245,MARRRLLRRLLRRRSSAARARSSSRSSSSS,Rhoto
qvae_sample_246,MLRRRLRRRLLRRARSASRASSSSRSSS,Rhoto
qvae_sample_248,MLRRRLRRRLLRLARSSSRRLSSSRS,Rhoto
qvae_sample_249,MARRRLLRRRLRRRSSAARARSSSRSAS,Rhoto
qvae_sample_250,MARRRLRRRALRLRRSALRRRSSSRS,Rhoto
qvae_sample_251,MARRRLRRLALRLRSSAASARSSLSSSSS,Rhoto
qvae_sample_252,MARRRLRRRALRLARSASSRLSSLSSSS,Rhoto
qvae_sample_253,MARRRLRRLALRRRRSAASARSSSSSRS,Rhoto
qvae_sample_254,MASRRLLRRLLRLRRAASSARASSSSSS,Rhoto
qvae_sample_255,MASRRLRRRLLRRRRSALSLLSSSRSSSS,Rhoto
qvae_sample_256,MAARLLRRRLLRRARSAARLLSSLRSSS,Rhoto
qvae_sample_258,MARRRLLRRLLRRRRSASSLRSSSRSS,Rhoto
qvae_sample_259,MARRRLRRRLLRRARSARRASSSSR,Rhoto
qvae_sample_260,MARRRLLRRLLRLARSASSALSSSR,Rhoto
qvae_sample_262,MARRRLRRRALRRRRSRRSLRSSSR,Rhoto
qvae_sample_264,MARRLLRRRLLRLARSARRLRSSLR,Rhoto
qvae_sample_266,MARLRLLRRLLRRASASARARSSSRSAS,Rhoto
qvae_sample_267,MARRRLLRRLLRLASSSRRARSASRS,Rhoto
qvae_sample_268,MASRRLRRLALRRSRSSLRARSASRSRS,Rhoto
qvae_sample_269,MASLRLLRRLLRRARSSRRARSRSR,Rhoto
qvae_sample_270,MASRRLRRRALRLASAASSLLSRSRSSS,Rhoto
qvae_sample_274,MASRRLLRRLLRRRRASRRAASRSR,Rhoto
qvae_sample_275,MARRALRRRALRRRSSSSSARSLSRSSS,Rhoto
qvae_sample_276,MAARRLRRRLLRLARRALAALSSLRSSS,Rhoto
qvae_sample_277,MLRRRLLRRLLRRARSSRRASSSSRSSS,Rhoto
qvae_sample_278,MLSRRLLRRLLRRASSSRRARSSSRSSS,Rhoto
qvae_sample_279,MASLRLLRRLLRRRRSSRRARSSSRS,Rhoto
qvae_sample_281,MARRRLLRRALRRARAASSARASSRSSSSS,Rhoto
qvae_sample_282,MLRRRLRRRLLRRSRSSSRASSSSRSSS,Rhoto
qvae_sample_283,MAARRLLRRALRRRRAASSARASSSSASSS,Rhoto
qvae_sample_284,MARRRLLRRALRRARSAAAASSSSSSSS,Rhoto
qvae_sample_286,MARRRLRRRALRRRRSAARARRSSAR,Rhoto
qvae_sample_287,MARRLLRRRALRRRRSARAARSRSSS,Rhoto
qvae_sample_288,MARRRLRRLALRRSRAASSARSSSSSSSSS,Rhoto
qvae_sample_289,MAARALRRLALRRRRAASSARASSSSRS,Rhoto
qvae_sample_290,MLRRRLRRRALRRARSASSARSRSSSSS,Rhoto
qvae_sample_291,MAARRLRRLALLRRRAAASARSSSSSSS,Rhoto
qvae_sample_293,MARRRLRRLLLRRARAARRARASSSSSS,Rhoto
qvae_sample_294,MARRRLRRRALRRSRSASSAAASSASASSS,Rhoto
qvae_sample_295,MARRRLRRRALRRRRSASSALASSSSSS,Rhoto
qvae_sample_296,MARRRLRRRALLRRRSASAAARRSASAS,Rhoto
qvae_sample_297,MAARRLRRRALRRSRAASSARARSSSSSSS,Rhoto
qvae_sample_299,MLRRRLRRRLLRRARSARRASSSSRS,Rhoto
qvae_sample_301,MLRRRLRRRALRRSRSASSASSSSSS,Rhoto
qvae_sample_302,MLRRRLRRRALLRSRSARSARSSSSS,Rhoto
qvae_sample_303,MLRRRLRRLRLRRSRSASSARASSSSRS,Rhoto
qvae_sample_306,MARRRLLRLALRRSRASRRARARARSAS,Rhoto
qvae_sample_308,MARRLLRRLLLRRSRSARRARSSSAS,Rhoto
qvae_sample_309,MASRRLRRLLLRRSRASSSARASSRSRS,Rhoto
qvae_sample_310,MASLRLRRRLLRRSRSASSARASSS,Rhoto
qvae_sample_311,MARRRLRRRALLRRSSARRAASRSSSSSSS,Rhoto
qvae_sample_312,MLRRRLRRRALLRARSASRASSRSSSS,Rhoto
qvae_sample_314,MAARLLLRRLLRRSRSASAARASSRSSS,Rhoto
qvae_sample_315,MARRRLRRRALRRSRSAAAARARSASAS,Rhoto
qvae_sample_318,MLARRLLRRLLRRRRAAAAASSSARSSSSS,Rhoto
qvae_sample_320,MLARRLRRRLLRRRRSAAAAASRSRS,Rhoto
qvae_sample_321,MAARRLRRRLLRRARASASARSSLSSSSSS,Rhoto
qvae_sample_322,MLRRRLRRRLLRRARSARAAAASSRS,Rhoto
qvae_sample_323,MARRRLLRRARRRRSSASSARASSRSASSS,Rhoto
qvae_sample_324,MAARRLLRRALRRRSSASSARASSSS,Rhoto
qvae_sample_328,MAARRLLRRLLRRARSARRASASSSSS,Rhoto
qvae_sample_329,MARRRLLRRLLRRARSASRARASSSS,Rhoto
qvae_sample_330,MLRRRLLRRALRRRRSARSARASSSSAS,Rhoto
qvae_sample_331,MLRRRLRRLALLRSRSARRARRRSRS,Rhoto
qvae_sample_332,MLRRRLRRLALRRARSASSARSSSSSSS,Rhoto
qvae_sample_333,MLARRLRRRRLRRARSARSARSSSSS,Rhoto
qvae_sample_334,MARRRLLRRALRRARASRSARASSRSSSSS,Rhoto
qvae_sample_335,MASRRLRRRLLRRSRSARSARASSSSS,Rhoto
qvae_sample_336,MLARRLLRLALRRRRSARRARASSRSSSSA,Rhoto
qvae_sample_337,MAARRLRRRRLRRRRSASRARASSRSSS,Rhoto
qvae_sample_338,MARRRLRRRALRRRRASLAASSSSRSSS,Rhoto
qvae_sample_339,MARRRLLRRALRLRRASRRASSSSRSS,Rhoto
qvae_sample_342,MLSRRLLRRLLRRASSASRARALSRSSSSS,Rhoto
qvae_sample_343,MLSRRLLRRLLRRRSSASRARARSRSSS,Rhoto
qvae_sample_344,MLARRLLRRLLRRASSASRALASSRSA,Rhoto
qvae_sample_345,MLSRRLLRRLLRRRSSASRAAARSRSSS,Rhoto
qvae_sample_346,MLARRLRRRLLRRRRSASRARRSSR,Rhoto
qvae_sample_347,MASLALRRRLRRRRSSAARARSRSRS,Rhoto
qvae_sample_348,MLSRRLRRRLLRRASSASRARSSSSSSSS,Rhoto
qvae_sample_349,MLARRLLRRRLRARRSARRARASSRSSS,Rhoto
qvae_sample_350,MLSRALRRRLLRLASSASRARARSRSSS,Rhoto
qvae_sample_351,MLSRRLLRRRLRRASSASAAASSSRSSSS,Rhoto
qvae_sample_352,MLARRLRRLRLRRASSASRAASRSSSA,Rhoto
qvae_sample_353,MLSRRLLRRRLLRASSASRARASSRSS,Rhoto
qvae_sample_354,MLSRRLRRRLLRRARSASRARASSR,Rhoto
qvae_sample_355,MLARRLLRRRLRRRSSASSALASSR,Rhoto
qvae_sample_356,MLSRRLLRRRLRRRLSASRAAASSR,Rhoto
qvae_sample_357,MLSRRLRRRRLLRRRSASRARSSSR,Rhoto
qvae_sample_358,MASRRLLRRRLRRRRSASRARASSR,Rhoto
qvae_sample_359,MLSRLLLRRLLRRARSASRARARSR,Rhoto
qvae_sample_360,MLSRRLLRRRLLRASSASRAASSSRSR,Rhoto
qvae_sample_361,MLSRALLRLLLRRRSSASRARRSSRSAS,Rhoto
qvae_sample_363,MLSRRLRRLLLRRRRSARRARRSSRS,Rhoto
qvae_sample_364,MASRRLLRLRLRRASSASRARARSR,Rhoto
qvae_sample_365,MLSRALRRLLLRRASSASRAASRSRSSS,Rhoto
qvae_sample_366,MLSRALRRLRLRRARSASRASARSR,Rhoto
qvae_sample_367,MASRALLRRLLRRASSASRARASSRSSSS,Rhoto
qvae_sample_368,MASRRLLRLRLLRSRSASRAAARSRS,Rhoto
qvae_sample_369,MASRALLRLLLRRASSASRARRRSRSSS,Rhoto
qvae_sample_370,MLSRRLLRRLLRRASAARRAASRRRSASS,Rhoto
qvae_sample_371,MLSRRLLRRLRRRARSASRAASRSRS,Rhoto
qvae_sample_372,MASRRLLRRLLLRASSARRAASRSR,Rhoto
qvae_sample_373,MLSRRLLRRRLRRSSSASRAASSLRSSSS,Rhoto
qvae_sample_374,MLSRRLRRRRLRRSSSASRARRSRSS,Rhoto
qvae_sample_375,MAARRLLRRRLRRSSSASRARSSRRS,Rhoto
qvae_sample_376,MLRRRLLRRLLRRASSASRARASLRSSS,Rhoto
qvae_sample_377,MLSRRLLRRLLRRARSARRARASSR,Rhoto
qvae_sample_378,MLSRRLRRRRLRRASSARRAAASSRSSS,Rhoto
qvae_sample_379,MLSRRLRRRRRRRARSARRARRRSRS,Rhoto
qvae_sample_380,MLSRRLRRRRLRRRSSASRARSSSRS,Rhoto
qvae_sample_381,MLSRALLRRLLLRASSASRAAASSRSSS,Rhoto
qvae_sample_382,MASRALLRRLLLRSRSASRARASRR,Rhoto
qvae_sample_383,MLSRALLRRLLRRRSSASRARALSRSASS,Rhoto
qvae_sample_384,MLRRRLRRRLLRRRSSASRARALLRSAS,Rhoto
qvae_sample_385,MASRRLRRRRLRRRSSASRARSRSR,Rhoto
qvae_sample_386,MLARRLRRLLLRRRSAARRRLRSSRR,Rhoto
qvae_sample_387,MARRRLRRRLLRRRRSASRAARRSRR,Rhoto
qvae_sample_388,MLRRRLRRRALRRSSAASAAARSSRSAS,Rhoto
qvae_sample_389,MASRRLRRRRLRRSRSASRARASSR,Rhoto
qvae_sample_390,MAARRLLRRLLLRRSSASRALSSLRSSSSS,Rhoto
qvae_sample_391,MARRRLLRRLLRRRSSASRARSRSRSSS,Rhoto
qvae_sample_394,MAARRLRRRARLRRRSAARARSSLRSSS,Rhoto
qvae_sample_396,MASRLLRRRARLRRRSARRAASRSRS,Rhoto
qvae_sample_400,MAARRLLRLLRRLRRSASSARASLSSSS,Rhoto
qvae_sample_404,MLRRRLLRRLLRRRSSASRASSSLSS,Rhoto
qvae_sample_405,MLARRLLRRLLRRRSSASRALSSSS,Rhoto
qvae_sample_406,MLRRRLRRRRLRRRSSASRAAASSS,Rhoto
qvae_sample_407,MLRRRLLRRLLLRRRSARSARRSSR,Rhoto
qvae_sample_408,MLRRLLLRLLLRRRRSASSASSSLSSRS,Rhoto
qvae_sample_409,MLARRLLRRLLRRRRSASRASRSLS,Rhoto
qvae_sample_411,MARRALLRRLLLLSRSASRARASLSSAS,Rhoto
qvae_sample_412,MAARALLRRLLRLSRSASRARASAR,Rhoto
qvae_sample_413,MARRALRRRLLRLRRSAARARSSLR,Rhoto
qvae_sample_414,MARRRLLRLLLRRARSASSARASLS,Rhoto
qvae_sample_417,MLARRLLRRLLRRRSAAAAALSSLRASSSS,Rhoto
qvae_sample_418,MLARRLLRRLLRRRSSASRALASASAASS,Rhoto
qvae_sample_419,MLARRLRRRLLRRRRSAARAASRLRSR,Rhoto
qvae_sample_420,MLRRRLLRRLLRRRSSASAASASAS,Rhoto
qvae_sample_423,MLARRLLRLLLRRRSSASRASSSAR,Rhoto
qvae_sample_424,MAARRLLRRLLRLARSASRALSSLSSSSS,Rhoto
qvae_sample_427,MARRALLRRLLRRRSSASRALASRRSSSS,Rhoto
qvae_sample_428,MASRRLLRRLLRRRSSASRALASRRSS,Rhoto
qvae_sample_429,MLARRLLRLLLRRRRSARRALALSRSSSS,Rhoto
qvae_sample_430,MAARRLLRRLLRRRSSASRARSSLRSRS,Rhoto
qvae_sample_433,MARRLLLRRLLRRRRSASRALASSRRR,Rhoto
qvae_sample_434,MARRRLRRRARLRRRSASRARSRSRS,Rhoto
qvae_sample_435,MLRRRLRRRRLRRRRSASRASSSSRS,Rhoto
qvae_sample_436,MLRRRLRRRLLRRRSSAAAASSSLRASS,Rhoto
qvae_sample_437,MLARRLLRRLLRRRSSASRAAASRRSSS,Rhoto
qvae_sample_438,MLARRLLRRLRRRRRSASRAASRRR,Rhoto
qvae_sample_439,MLSRRLLRRRLRRRSSASRAAASRR,Rhoto
qvae_sample_440,MAARRLRRRLLRRASSASSARSSLSSSSS,Rhoto
qvae_sample_441,MAARRLLRRLLRRARSASSARSSASSSS,Rhoto
qvae_sample_443,MARRRLRRRALRRASSARSARASSSSSS,Rhoto
qvae_sample_444,MAARRLRRRLLRRRRSAASARRSSSS,Rhoto
qvae_sample_445,MASRLLRRRALRRRRSARSARSRSSR,Rhoto
qvae_sample_446,MLARALRRRLLRRARSASSARSSLSSSSS,Rhoto
qvae_sample_447,MAARRLRRRLLRAARSASSARSSLSSSS,Rhoto
qvae_sample_448,MLARRLRRRALRRARSASSARASSSSRS,Rhoto
qvae_sample_449,MLARRLLRRLLRRARSASSARSSSSSSS,Rhoto
qvae_sample_450,MAARRLRRRLLRRRRSARSARASLSSSSS,Rhoto
qvae_sample_451,MLARLLLRRLLRRSRSASAARSRLSSSS,Rhoto
qvae_sample_453,MLSRRLRRRLLRRRRSASSLSASSSSS,Rhoto
qvae_sample_454,MLSRRLRRRLLRRARSARSLRSSSR,Rhoto
qvae_sample_456,MARRRLRRRLLRRRLSARSASASSS,Rhoto
qvae_sample_457,MLSRRLRRRALRRRRSARSARRSSA,Rhoto
qvae_sample_458,MLSRRLRRRALRRARSASSASASLS,Rhoto
qvae_sample_459,MLARRLRRRLLRRSRSASSLRASSS,Rhoto
qvae_sample_460,MASLRLRRRLLRRRRSASSASASSS,Rhoto
qvae_sample_461,MLARRLRRRLLRRRRAASSLRRSLS,Rhoto
qvae_sample_462,MLSRRLRRRLLRRSRSASSASRSSSS,Rhoto
qvae_sample_463,MLALRLRRLALRRALAALSARASSASAS,Rhoto
qvae_sample_464,MLALRLRRLLLRRRRSARSARSSSAR,Rhoto
qvae_sample_465,MLALRLRRLALRRARAALSARASSASSS,Rhoto
qvae_sample_466,MASLRLRRRALRRARAARSARASSS,Rhoto
qvae_sample_468,MLSRALRRLALRLARSASSASSSASSSSS,Rhoto
qvae_sample_469,MLSRRLRRRLLRRRRAARSASSSSR,Rhoto
qvae_sample_471,MAARRLRRRLLRRARSASSASSSASSSS,Rhoto
qvae_sample_472,MARRRLRRRLLRRSRSARSLSASAS,Rhoto
qvae_sample_473,MAARRLLRRLLRRARAARAAASSLSSSSS,Rhoto
qvae_sample_474,MASRRLRRRLLRRRRAARAASSSASS,Rhoto
qvae_sample_475,MAARRLLRRLLLRALSASSARSSAASSSS,Rhoto
qvae_sample_476,MASLRLLRRLLRRRLRASSLRASAS,Rhoto
qvae_sample_477,MAARRLRRLALRRRSSASSARSSLSSSSS,Rhoto
qvae_sample_478,MAARRLLRRLLRRARSASRASSSLASSS,Rhoto
qvae_sample_479,MASRRLLRRLLRRARSARSASASASS,Rhoto
qvae_sample_480,MLSLRLLRRLLRRARSARSARSSSSSSS,Rhoto
qvae_sample_481,MLARRLRRRLLRRARSARSARRSSAS,Rhoto
qvae_sample_482,MLALRLRRRLLRRARSASSARSSSSSSS,Rhoto
qvae_sample_483,MLSLRLRRRLLRRRRSARSASSSSS,Rhoto
qvae_sample_484,MASRALLRRLLRRARSSSSAAASLRSSS,Rhoto
qvae_sample_485,MLARRLRRRLLRRASSALRARASLSSSSS,Rhoto
qvae_sample_486,MLARRLRRRLLRRRRSASRASASSS,Rhoto
qvae_sample_487,MAARRLRRRLLRRASSALSARSSLSSSS,Rhoto
qvae_sample_488,MASRRLRRRLLRLARSALSASSSLSSSS,Rhoto
qvae_sample_490,MAARRLRRRALRRRRSASSARASSSSS,Rhoto
qvae_sample_491,MLARRLRRLALRRRRSARSARSSSAS,Rhoto
qvae_sample_492,MLSRRLRRLALARARSASSARSSLSSSS,Rhoto
qvae_sample_493,MASRALLRRLLRRASSASRARASSSSSS,Rhoto
qvae_sample_494,MLARALRRRLLRRARSASRARRSSA,Rhoto
qvae_sample_495,MLSRRLLRRRLRRARSASRARASSR,Rhoto
qvae_sample_497,MLARRLRRRLLRRRRSASRASASLR,Rhoto
qvae_sample_498,MAARRLLRRLLLRRSSASRARALSSSSSSS,Rhoto
qvae_sample_499,MLRRRLLRRLRRRSRSASRARSRSSSRS,Rhoto
qvae_sample_502,MAARRLLRRALRLRRSSSRARASSSSSS,Rhoto
qvae_sample_503,MLARLLLRRALRLRSSASRARRRSSSSS,Rhoto
qvae_sample_506,MLRRRLRRRLLRRARSASRLSSSSSS,Rhoto
qvae_sample_509,MASRRLRRRLLLRSRSARSARRSSSS,Rhoto
qvae_sample_512,MLSRRLLRRRRRRRSSASRARRSSSSRS,Rhoto
qvae_sample_513,MASRRLLRLLLRLASSSRRARSRSSRAS,Rhoto
qvae_sample_514,MAARRLLRRLLRLASSSRRARASSSR,Rhoto
qvae_sample_515,MASRRLRRRLLRRRRSARRARRRSSS,Rhoto
qvae_sample_516,MASRRLLRRLLRRARSARRARSRLS,Rhoto
qvae_sample_520,MASRRLLRRLLRRARSSSRAASSRSS,Rhoto
qvae_sample_523,MASRLLLRRARRRRLSASRARSSASS,Rhoto
qvae_sample_526,MASRALLRRLLRLARSSSRARSSSARSS,Rhoto
qvae_sample_527,MLSRRLLRRRLLRASSASRARASSSSSS,Rhoto
qvae_sample_529,MASRRLRRRLLLRSRSASRARASASSS,Rhoto
qvae_sample_533,MASRRLRRRLLRRSRSASSARRSSSS,Rhoto
qvae_sample_534,MLSRRLLRRLLRARSSASRARSSSRRSS,Rhoto
qvae_sample_535,MASRRLLRRRLLRRSSASRARSSSR,Rhoto
qvae_sample_537,MLSRRLLRRLLRRRRSASRASSSLSS,Rhoto
qvae_sample_538,MAARRLRRRLLRAARSASRARSSASSSS,Rhoto
qvae_sample_542,MLRRRLRRRLLRRRSRARRAAASSSSASS,Rhoto
qvae_sample_543,MARRRLRRRALLRRRSSASAASSSASSS,Rhoto
qvae_sample_544,MARRRLRRRLLRRRRSASRALSSSSS,Rhoto
qvae_sample_545,MLRRRLRRRLLRRRSRSRRAASSSSS,Rhoto
qvae_sample_546,MLRRALRRRALRLASSASSARSRSSSSSA,Rhoto
qvae_sample_547,MARRALRRRALRRARSASSRLSSSSSSSS,Rhoto
qvae_sample_550,MLRRRLLRRLLRLSRSASRARSRASSSS,Rhoto
qvae_sample_551,MARRRLRRRLLRRARSASSALSRASS,Rhoto
qvae_sample_553,MLARRLRRRLLARSSRASSALSRSSSSS,Rhoto
qvae_sample_554,MLRRRLRRRLLRRRRSASSLLSSSSS,Rhoto
qvae_sample_555,MLRRRLLRRLLRRRSSASSALSSSSS,Rhoto
qvae_sample_556,MLRRRLRRRLLRRRSSASSLSRSSSS,Rhoto
qvae_sample_557,MLRRRLRRRLLRRRRRSRSLASSSSS,Rhoto
qvae_sample_559,MLSRRLRRRRLRRSRRASSALSSSSS,Rhoto
qvae_sample_560,MLRRRLRRRLLRRARRAASARSRARSAS,Rhoto
qvae_sample_561,MASRRLRRRLLRRSRRSARARSSARS,Rhoto
qvae_sample_562,MLSLRLRRRALRRSRRASSARARASS,Rhoto
qvae_sample_565,MARRRLRRRLLRRSRSASAALSRASSSS,Rhoto
qvae_sample_567,MLSRRLRRRLLRRSRSSRSASSSASS,Rhoto
qvae_sample_570,MLRRRLLRRALRRASSSSAAASSLSSSSSS,Rhoto
qvae_sample_571,MLRRRLRRRALRRRRRSSSRSSSSSS,Rhoto
qvae_sample_573,MLSRRLRRRLLRRRRSARSRASSASS,Rhoto
qvae_sample_574,MARRALLRRLLRRRSSARRAASSSSSSSSS,Rhoto
qvae_sample_575,MLRRRLLRLLLRLASSSARAAASSSSASSS,Rhoto
qvae_sample_577,MARRRLLRRALRRARAASSALSSASSSS,Rhoto
qvae_sample_578,MARRRLRRRALLRRRASRSAASRSSS,Rhoto
qvae_sample_579,MLRRRLRRRLLRRSRASSSASSSSSS,Rhoto
qvae_sample_580,MARRRLRRRLLRRASSASRALSSASS,Rhoto
qvae_sample_581,MLRRALRRRLLRRRRSASRAASSARS,Rhoto
qvae_sample_583,MARRALLRRLRRLRRSASSAASSARS,Rhoto
qvae_sample_584,MLRRRLRRRLLRRARRASSASSSLSSSS,Rhoto
qvae_sample_585,MLRRALRRRLLRRRRRARSAASSLAS,Rhoto
qvae_sample_586,MLRRRLRRRLLRRRRRASSLSASLSS,Rhoto
qvae_sample_587,MLRRALLRRLLRARRSSSRALSSASSRSAS,Rhoto
qvae_sample_589,MAARRLLRRLRRLSSSASRARASASSSS,Rhoto
qvae_sample_591,MARRRLLRRALRRSSSARRARASSSSSSS,Rhoto
qvae_sample_592,MARRRLRRRALRRASSASSAAASSSSSS,Rhoto
qvae_sample_593,MARRRLRRLALRRSRSAASARSRSSSSS,Rhoto
qvae_sample_594,MARRRLRRRRLRRRRSAASARSSSSS,Rhoto
qvae_sample_596,MLRRRLRRRARRRASSASSARASSSSSSS,Rhoto
qvae_sample_597,MLRRLLRRLARRRRRSAASARSSSSSSS,Rhoto
qvae_sample_598,MAARRLLRRLRRRRRSARRARASSSSSSSS,Rhoto
qvae_sample_599,MARRRLLRLLLRRRSSAARAAASRSSSSSS,Rhoto
qvae_sample_600,MLARRLLRRALRLASSAARARSRSSSSS,Rhoto
qvae_sample_603,MARRRLRRLLLRRARSASSALASSSS,Rhoto
qvae_sample_604,MARRRLRRRLLRRRSSARRLSASSSS,Rhoto
qvae_sample_605,MLRRRLRRRLLRRRRSARSARSSSS,Rhoto
qvae_sample_606,MLRRRLRRLLRRRALSASSARASSSSRS,Rhoto
qvae_sample_607,MLARRLRRRLLRAARSASSARASSS,Rhoto
qvae_sample_608,MARRRLRRLALRLSRSSARARASSSSSS,Rhoto
qvae_sample_609,MARRRLRRLALRRASSAARARASSSSS,Rhoto
qvae_sample_610,MARRRLRRRALRRSSSARRARARSSSSS,Rhoto
qvae_sample_611,MARRRLRRLALRRSRSSARARSRSSR,Rhoto
qvae_sample_612,MLSRRLRRLRRRRSRSSLSARASSSSSSS,Rhoto
qvae_sample_613,MARLRLRRLLLRRARSALSARASSSR,Rhoto
qvae_sample_614,MLRRRLRRLLLRLASSARRASSSSSSSSSS,Rhoto
qvae_sample_617,MARRRLLRRLLRLARSASRAAARSSSSS,Rhoto
qvae_sample_618,MARRRLRRLALRRSRSAARAASRSSSSS,Rhoto
qvae_sample_621,MARRRLRRLLRRRSRSSARASARRSSSS,Rhoto
qvae_sample_622,MLARRLLRRLLRLARAAARAASSSSSSSSS,Rhoto
qvae_sample_624,MLARRLLRLRLRLRRSASSARASLSSSSSS,Rhoto
qvae_sample_625,MARRRLLRLLLRLARSASRARASSSSSSS,Rhoto
qvae_sample_626,MARRRLRRRLLRRARSASRASASSSSSS,Rhoto
qvae_sample_627,MARRRLLRLLLRRARSASRASASSSSSSS,Rhoto
qvae_sample_628,MLARRLLRRRLRRARSASRARASSSSSSSS,Rhoto
qvae_sample_629,MLARRLRRRRLRRARSASRARASSSSSS,Rhoto
qvae_sample_630,MLARRLRRLLLRRARSASRASASSSSS,Rhoto
qvae_sample_631,MARRRLRRRLLRRARSASRARASASSSSSS,Rhoto
qvae_sample_632,MASRRLRRRLLRRARSASRARASSSSSS,Rhoto
qvae_sample_633,MLARRLLRLLLRLRRSARRARASSSSSSSS,Rhoto
qvae_sample_634,MARRRLLRRLLRRASSSSRARSSSRSSS,Rhoto
qvae_sample_636,MARRRLLRRALRRASSASRARSSSSSSS,Rhoto
qvae_sample_639,MARRRLLRRALRRASSASRARASSSSSS,Rhoto
qvae_sample_640,MARRRLLRRALRRARSASRARARSSSSS,Rhoto
qvae_sample_641,MARRRLRRLALLLSRSAASARSRSSSSS,Rhoto
qvae_sample_642,MARRRLRRLARLLARASSSARSSSSSSSS,Rhoto
qvae_sample_643,MARRRLLRLLLLRSRSASRARASSSSS,Rhoto
qvae_sample_644,MARRRLLRLLLLRSRSSSRARASSSSSS,Rhoto
qvae_sample_646,MLRRRLLRRRLRRRRSASRARSRSSS,Rhoto
qvae_sample_648,MARRRLLRRLLRLSSSASRARASRSSSS,Rhoto
qvae_sample_649,MARRRLLRRLLRLSRSASRALSSRSSSSSS,Rhoto
qvae_sample_650,MARRRLLRRLLRRSRSASRALSSSSSSS,Rhoto
qvae_sample_652,MARRRLRRRLLRRRSSARSARASSSSSS,Rhoto
qvae_sample_654,MLRRRLRRRLLRRRRSASSASASSSS,Rhoto
qvae_sample_656,MARRRLLRRLLRRRRSASRARASRSS,Rhoto
qvae_sample_658,MARRRLRRRLLRRSSSASRALSSSSSSS,Rhoto
qvae_sample_659,MLSRRLLRRALLRASSSSRLASSSSSSSSS,Rhoto
qvae_sample_660,MLSRLLLRRALRRARSASRAASSSRSSS,Rhoto
qvae_sample_662,MLSRRLLRRALRRRRSASRAASLSSSASS,Rhoto
qvae_sample_663,MLSRRLLRRALLRRRSAASAASRSSSAS,Rhoto
qvae_sample_664,MAARRLLRRALRRRRSASRARSSSSS,Rhoto
qvae_sample_665,MLALALLRRALRRSRSASRARSSSSSSSS,Rhoto
qvae_sample_666,MAARALLRRALRRARSASRSRSSSSSRSS,Rhoto
qvae_sample_669,MASRRLLRRLLRRARSAARAAASSRSSSSS,Rhoto
qvae_sample_670,MLSRLLLRRLLRRSRSAARLRSLSSSAS,Rhoto
qvae_sample_671,MLSRRLLRRALRLARSASRAAASSSSSSSS,Rhoto
qvae_sample_672,MARRRLLRRLRLRARRASRALSSSSSSSS,Rhoto
qvae_sample_673,MLSRRLLRRLLRRALSASSLASSSSSSS,Rhoto
qvae_sample_674,MLSRRLLRRLLRRALSASRLRSSSR,Rhoto
qvae_sample_675,MASRRLLRRLLRRARSASSALSSSS,Rhoto
qvae_sample_676,MASLRLLRRLLRRRLSASSLASSSS,Rhoto
qvae_sample_677,MLSRRLLRRLLRRRRSARSLRSSSSS,Rhoto
qvae_sample_678,MLRLRLLRLLLRRALSASSARASSSSRS,Rhoto
qvae_sample_679,MLSRRLLRRLLRLARLASSLRRLSS,Rhoto
qvae_sample_680,MLSRRLLRRRRRRARSASALRASSSSSS,Rhoto
qvae_sample_681,MLSLRLLRRALRRSSSSARARASSRSASS,Rhoto
qvae_sample_683,MASLRLLRRLLRRALAASRLRASSS,Rhoto
qvae_sample_684,MASRALLRRALRRASSARRLAARSSSSSS,Rhoto
qvae_sample_685,MASRALLRRLLRRASAARSSASSSSSAS,Rhoto
qvae_sample_686,MLSRRLLRRLLRRARAARSLASRSSSSS,Rhoto
qvae_sample_689,MASLRLLRRLLRRSRSSARARSRRASSS,Rhoto
qvae_sample_691,MLSRRLLRRLLRRRRSARRAAASSSS,Rhoto
qvae_sample_694,MARRALLRRLLRRARSASAAAASSASAS,Rhoto
qvae_sample_695,MASRRLLRRLLRRARSASRLAASSSS,Rhoto
qvae_sample_696,MLSLRLLRRLLRRARSASRARSSSSSSSS,Rhoto
qvae_sample_697,MLSLALLRRLLRRARSAARARSSSSSSSS,Rhoto
qvae_sample_699,MASRRLLRRALRRARAASRARASSRSSSSS,Rhoto
qvae_sample_700,MASRRLLRRLLRLARAARRARASSSSS,Rhoto
qvae_sample_701,MLSRRLLRRLLRLRRSALRAASSSASSSS,Rhoto
qvae_sample_702,MLRRLLLRRALRRRRSSSRALSSSRSSSS,Rhoto
qvae_sample_703,MARRRLLRRLLRRARSSSRALSSSRS,Rhoto
qvae_sample_704,MASRLLLRRLLRRRRSARRLRSSSR,Rhoto
qvae_sample_705,MARRLLLRRALLRSRASARARSSSRSSSSS,Rhoto
qvae_sample_707,MAARLLLRRALRRARASSSARSSSSSSSS,Rhoto
qvae_sample_708,MASRRLLRRLLRRSRAASRARSSSSSSS,Rhoto
qvae_sample_709,MLSRRLLRRLLRRASSASRAASSSRSSS,Rhoto
qvae_sample_710,MARRRLLRRLLRRASSASRALRSSSS,Rhoto
qvae_sample_711,MLSRRLLRLRLRRALSASRAASSSR,Rhoto
qvae_sample_712,MLRRLLLRRLLRRRRSASRAASSRSSSSS,Rhoto
qvae_sample_713,MLSRRLLRRLLRRRLSASSAAASRS,Rhoto
qvae_sample_717,MLSRLLLRRLLRRRSSASRAAALSSSASS,Rhoto
qvae_sample_718,MASRRLLRRLLRRSRSASRLASSSS,Rhoto
qvae_sample_720,MLSRRLLRRLLRRSRSSSSLLSSSSS,Rhoto
qvae_sample_725,MLSRRLRRLLLRRARSASRAASSARSSS,Rhoto
qvae_sample_726,MAARRLLRRLLRRAASASRAAASSSSSSS,Rhoto
qvae_sample_727,MLSRRLRRLLRRRARSASRAASSSRS,Rhoto
qvae_sample_728,MASRRLLRRRLRRASSARRAAASSSSSS,Rhoto
qvae_sample_729,MLALRLRRLALRLSRSAAAAASRLRSSS,Rhoto
qvae_sample_730,MLSLRLRRLLLRRSRSASSAASRARS,Rhoto
qvae_sample_731,MAARRLRRRALRRRRSARRAAASSRS,Rhoto
qvae_sample_732,MASRLLRRRARRRASSARSAASRSSS,Rhoto
qvae_sample_734,MAARALRRLARRRSASASRARASLSSSSS,Rhoto
qvae_sample_736,MLALALRRLARRLSRSAASAASSLSSSS,Rhoto
qvae_sample_737,MLARLLRRRLLRRSSSAARARSSLSSSS,Rhoto
qvae_sample_738,MLSRRLRRRRLRRSSSASRAAASASSSSSS,Rhoto
qvae_sample_739,MARRRLLRRALRRRASASRAAASSRSSSS,Rhoto
qvae_sample_740,MLSRRLRRRALRRSSSAAAAAARASSSS,Rhoto
qvae_sample_742,MLSRRLRRRLLRLARSASSASSSSR,Rhoto
qvae_sample_744,MARLRLRRRLLRRRSSASSAAASSSS,Rhoto
qvae_sample_745,MLSLRLRRRLLRRSRSARSAARSSRS,Rhoto
qvae_sample_746,MLSLRLRRLLLRRSRSASSAASSLSSS,Rhoto
qvae_sample_747,MASLRLRRRLLRRRRSARRAAASLRS,Rhoto
qvae_sample_748,MAARRLRRRLLRLARSASSARSSLS,Rhoto
qvae_sample_749,MLSRRLRRRRLRRSSSASSASASSSSS,Rhoto
qvae_sample_750,MASLRLRRLLLRRSSSARRARASRRSSS,Rhoto
qvae_sample_752,MASLRLLRLLRRRASRARRARASSSR,Rhoto
qvae_sample_753,MLSLRLRRLLLRRRRSRRRARSRARS,Rhoto
qvae_sample_755,MASLRLRRLLLRRARAARSARASLS,Rhoto
qvae_sample_756,MARRALLRLALRLRRAASRSAASARSS,Rhoto
qvae_sample_757,MASRALRRLRLRRSRSARRAASRARSS,Rhoto
qvae_sample_758,MLRRRLRRLLLRRRRAASRSSSSARSS,Rhoto
qvae_sample_759,MARRRLRRRLLRRSRSASRAAASRRSSSS,Rhoto
qvae_sample_760,MARRRLLRRLLRRSRSASRAAASSRSSS,Rhoto
qvae_sample_761,MAARRLRRRALRRSRSAAAAASRARSSS,Rhoto
qvae_sample_763,MARRRLRRRLLRRSRSARRAAASSSSS,Rhoto
qvae_sample_764,MARRALRRLLLRRSARAARARAARRSSS,Rhoto
qvae_sample_766,MASRRLLRRLLRLRRAASRAASSSRS,Rhoto
qvae_sample_768,MLARRLRRLRLRAASSASSAASSLRSSSS,Rhoto
qvae_sample_769,MLARRLRRRRLRARRSARSAARSSRSS,Rhoto
qvae_sample_770,MLSRALRRLLLRRRRSARSAASSLRS,Rhoto
qvae_sample_772,MASLRLLRRLLRLARSASRAAASLSSSS,Rhoto
qvae_sample_773,MARRRLLRRALRAARSARRASASSSSSS,Rhoto
qvae_sample_774,MASRRLLRRLLRRARSASRAAASARS,Rhoto
qvae_sample_775,MLSRRLRRRLLRRASSASRAAASSSSSS,Rhoto
qvae_sample_776,MLSRRLRRRRLRRRRSASRAAASSSSS,Rhoto
qvae_sample_777,MLSLRLRRLARRRARSAARAARRSRS,Rhoto
qvae_sample_778,MAALRLLRLRRRRARSASAARSSLSSSS,Rhoto
qvae_sample_779,MLSRRLRRRLLRLRRSASRAASSSSSS,Rhoto
qvae_sample_780,MLSLRLRRLLLRRRSSASRARSRSSS,Rhoto
qvae_sample_782,MASLALRRRLLRLSRSARRAAARASSS,Rhoto
qvae_sample_783,MASRRLRRRLLRRSRSASRARASSRSS,Rhoto
qvae_sample_784,MLARALLRLLLRRRRSARRAAASLRSSSS,Rhoto
qvae_sample_785,MARLRLRRLLLRRRRSASRAASSLRSSS,Rhoto
qvae_sample_786,MAARRLRRRLLRLARSASRARASSRS,Rhoto
qvae_sample_788,MASRRLRRLRLRLSRSAASARSSLSSSS,Rhoto
qvae_sample_789,MAARRLRRRLLRRRRSARRASSSLRS,Rhoto
qvae_sample_790,MARLRLRRLLLRRSASSRRARSRRR,Rhoto
qvae_sample_791,MARRLLLRLALRLRRSARRAAASSRSSS,Rhoto
qvae_sample_792,MLRRLLLRRALRLARAARRASSRSSSSS,Rhoto
qvae_sample_793,MLRLRLRRLALRLRRSARAAASSSRS,Rhoto
qvae_sample_794,MARRLLRRLALRRSRAASSARSSLRSSSSS,Rhoto
qvae_sample_795,MLRLRLRRLLLRLSRSASSASSSSRS,Rhoto
qvae_sample_797,MLRRRLLRRRLRRSSSARRAAASSSSSS,Rhoto
qvae_sample_798,MARRRLLRRRLRRAASARRAARSSSS,Rhoto
qvae_sample_799,MLALALRRRRLRRSRSARRAARSRSS,Rhoto
qvae_sample_800,MAARRLLRRRLRRSRSASRAAASSR,Rhoto
qvae_sample_802,MARRALLRRLLRRSRSASRAAASRRSSS,Rhoto
qvae_sample_803,MLARRLLRRLLRRRRSASRAAASLSSSSSS,Rhoto
qvae_sample_805,MLARRLRRLLLRRRRSARRAASRLSSS,Rhoto
qvae_sample_806,MLARRLLRRLLRRRRSASRASSSLSS,Rhoto
qvae_sample_807,MLARALRRLLLRRSRSASRAASSLSSSS,Rhoto
qvae_sample_808,MLALALRRLLLRRSRSAASAASSLSR,Rhoto
qvae_sample_809,MAALALRRLALRLSRSASSASSSLSSSS,Rhoto
qvae_sample_810,MAARRLRRRLLRASRSASRASASLSS,Rhoto
qvae_sample_811,MLRRALRRLALRRSRRASRASSSARSSS,Rhoto
qvae_sample_813,MASRRLLRRLLRRSRSASRARASLSS,Rhoto
qvae_sample_815,MLRRRLLRRLLRLSRRASRAASSASSSSSS,Rhoto
qvae_sample_816,MARRRLRRRLLRRARSASRAASSSSSS,Rhoto
qvae_sample_817,MLRRALRRRLLRLSRSARSAASSSSS,Rhoto
qvae_sample_818,MLSRRLRRRLLRRSRSASSAASSSSS,Rhoto
qvae_sample_819,MLRRRLLRLLLRLSRSAARAAASSSSSSA,Rhoto
qvae_sample_820,MARRALLRRRLRRAASAARAAASSRSSS,Rhoto
qvae_sample_821,MARRRLLRLALRLSRSARRAAASSSSSS,Rhoto
qvae_sample_822,MLRRRLRRLRLRLSRSAASAASSSSSS,Rhoto
qvae_sample_824,MARRRLRRLLLRLSRSASRAAASSSSS,Rhoto
qvae_sample_826,MARRALLRLLLRLSRSAARAAASSSSSS,Rhoto
qvae_sample_827,MLRLRLLRRLLRRSRSASRAASSSSSSSS,Rhoto
qvae_sample_828,MLSLRLRRRLLRRSRSARRAASRSSS,Rhoto
qvae_sample_830,MASLRLLRRLLRRSRSASRAASSSSS,Rhoto
qvae_sample_834,MLSRRLLRRLLRRASSAASALSSLSSSSS,Rhoto
qvae_sample_835,MLSRRLLRRLLRRARSASRARSRARSSS,Rhoto
qvae_sample_836,MAARRLRRRLLRRASSAASALASSSSSS,Rhoto
qvae_sample_837,MLSRRLLRRALRRRRSARRARSRLSSSS,Rhoto
qvae_sample_839,MLSRRLRRRALRRALSASSARSSLSSSSS,Rhoto
qvae_sample_840,MAARRLLRRLLRRARSARSARASSSSSS,Rhoto
qvae_sample_841,MASRRLLRRALRLARSAASARSLLSSAS,Rhoto
qvae_sample_842,MASRALLRRLLRRARSAARARSSLSSSS,Rhoto
qvae_sample_843,MLARRLLRRLLRRARLASAARRSSSSSSSS,Rhoto
qvae_sample_844,MLSRRLLRRLLRRRRLASSASSSLSS,Rhoto
qvae_sample_845,MLRRRLRRRLLRRARSASSARSSSR,Rhoto
qvae_sample_847,MLRRRLRRRALRRRRLASSASSSSSS,Rhoto
qvae_sample_848,MLSRRLRRRALRRRRSRSSARRSSS,Rhoto
qvae_sample_849,MLSRRLRRLLLRRALSASSARSSLSS,Rhoto
qvae_sample_850,MLARRLLRRLLRRARSASSLRASLS,Rhoto
qvae_sample_851,MLSLRLLRRLLRRRRSASSARSSLS,Rhoto
qvae_sample_852,MLSRRLLRRLLRRARAASSARRSLS,Rhoto
qvae_sample_853,MLSRRLRRRLLRRARSASAARSSLSSS,Rhoto
qvae_sample_854,MLSRRLLRLLLRRALSSARARSSSSSRS,Rhoto
qvae_sample_855,MAARRLLRRLLRRARSSARARASSSS,Rhoto
qvae_sample_856,MASRRLRRRLLRRRRSSARARSSSRS,Rhoto
qvae_sample_857,MLSLRLLRLLLRRARSASSARASSS,Rhoto
qvae_sample_859,MLSRRLLRRLLRRRRAASSLSSSSSS,Rhoto
qvae_sample_863,MLSLRLLRRLLRRRRAASAAARRSSS,Rhoto
qvae_sample_865,MASRRLLRRALRRRRAASAARSSLSSSS,Rhoto
qvae_sample_866,MASRRLLRRALRRRRAASSASRSLSS,Rhoto
qvae_sample_867,MASRRLLRRLLRLARSSSRAAASLSSSS,Rhoto
qvae_sample_868,MLSRRLLRRLLRRARSRSSAARSAS,Rhoto
qvae_sample_869,MLSRRLLRRLLRRARSARRARSSSSSS,Rhoto
qvae_sample_870,MASLRLLRRLLRRRRSASRARRSASS,Rhoto
qvae_sample_871,MLSLRLLRRLLRRARSSARARRRSSSA,Rhoto
qvae_sample_874,MLARRLLRRLLRRARSAASARALLRSSS,Rhoto
qvae_sample_875,MASRRLRRRALRRARSSSRLRSSLRSSS,Rhoto
qvae_sample_876,MARLRLLRRLLRRRRLASRLSSSLR,Rhoto
qvae_sample_877,MASRRLRRRALRRRRASSSARSSLSSSS,Rhoto
qvae_sample_878,MLSLRLRRRALRRRRLASSASSSSSS,Rhoto
qvae_sample_879,MLSRRLLRRLLRRRLASSRARRSSRS,Rhoto
qvae_sample_880,MLSRRLLRRRLRRRLAASRARSRSR,Rhoto
qvae_sample_881,MAARRLRRRLLRRARSASSARSSLSSSS,Rhoto
qvae_sample_882,MLARRLLRRLLRRRRSASSASSSLS,Rhoto
qvae_sample_883,MASLRLRRRLLRRRRSASSASRSLS,Rhoto
qvae_sample_885,MLSRRLLRRALRRRRSSSRARRRASS,Rhoto
qvae_sample_886,MASRRLLRRLLRARRSASSALSSLSSSS,Rhoto
qvae_sample_887,MLSRRLRRRLLRRRRSASSLSSSLSS,Rhoto
qvae_sample_888,MAARRLLRRLLRRARSAARARASSSSSS,Rhoto
qvae_sample_889,MASRRLRRRLLRRRRLASSASASSSS,Rhoto
qvae_sample_890,MLSRALLRRALRRARSASRAASSSSSSS,Rhoto
qvae_sample_891,MASLRLLRRLLRRARLASSLASSSS,Rhoto
qvae_sample_901,MAARALLRRLLRRASSASRAASSLSSSS,Rhoto
qvae_sample_902,MLARALRRRALRRARSRAAARSSLSS,Rhoto
qvae_sample_903,MLSLRLLRRLLRRRRSASSASSSLSS,Rhoto
qvae_sample_904,MLRLALRRLALRRARSARRARSSLSS,Rhoto
qvae_sample_1019,MAARRLLRRLRRRRSSAARARASASSSSSS,Rhoto
qvae_sample_1020,MAARRLRRRLRRLRRSAARARSRSSSSS,Rhoto
qvae_sample_1021,MLARRLLRRLLRRASSASRALASSSSSS,Rhoto
qvae_sample_1022,MASRRLLRRARRRRSSAARARALSSSSS,Rhoto
qvae_sample_1023,MAARRLRRRALRLRRSAARARSRSRS,Rhoto
qvae_sample_1024,MAARRLRRRALRRRRSAARARSSSAS,Rhoto
qvae_sample_1025,MASRLLRRRARRRRSSAARARRRSSS,Rhoto
qvae_sample_1026,MAARLLLRRARRLRRSASSARASSSSSSS,Rhoto
qvae_sample_1027,MAARLLLRRLRRLRRSASSRRASSSSRS,Rhoto
qvae_sample_1029,MAARLLRRRARRLRRSSASARSSSSSRS,Rhoto
qvae_sample_1030,MAARLLLRRLRRRASAAARARALLSSSS,Rhoto
qvae_sample_1031,MLARLLLRRLRRRSSSASRAARSSSSSSSS,Rhoto
qvae_sample_1032,MLARLLLRRLRRRRSSASRALRSSSSSS,Rhoto
qvae_sample_1033,MLARLLRRRARRRRSSAARARSRSASSS,Rhoto
qvae_sample_1034,MLSRRLRRRLLRRRRAASRARSSSSSRS,Rhoto
qvae_sample_1035,MLARRLRRRLLRLARSASRASSSSRSR,Rhoto
qvae_sample_1036,MLARRLLRRLLRRRRSASRALSSSSS,Rhoto
qvae_sample_1038,MLSRRLRRRALRRRRSSSSARSSSRS,Rhoto
qvae_sample_1039,MLSRRLRRRALRRARSASSARSSSSSRS,Rhoto
qvae_sample_1040,MAARRLRRRLLRRRRSASRARSSSSS,Rhoto
qvae_sample_1041,MLARLLRRRLLRRARAASRLRSSLS,Rhoto
qvae_sample_1043,MAARRLLRRALRLRSSASRARASSSSRS,Rhoto
qvae_sample_1044,MAARRLLRRLLRLRSSARRARARSSS,Rhoto
qvae_sample_1045,MASRLLRRRALRRRRSAARARSSSSS,Rhoto
qvae_sample_1046,MLSRLLRRLARRLRRSALRARASSSSRS,Rhoto
qvae_sample_1047,MLARRLRRRALRRARAASSARASASS,Rhoto
qvae_sample_1048,MAARRLRRRLRRRRSAASRASARSRSSS,Rhoto
qvae_sample_1051,MAARLLRRRARRLARSAASRRARSSSSSS,Rhoto
qvae_sample_1052,MLARRLLRRLRRRRSAAARALALASSSSS,Rhoto
qvae_sample_1053,MLSRRLLRRLLRRRSAASRALSRSSS,Rhoto
qvae_sample_1054,MASRLLLRRALRRRLAASRARSSSSSR,Rhoto
qvae_sample_1055,MASRRLLRRLLRRRRAASRARSSLSS,Rhoto
qvae_sample_1056,MAARRLLRRLLRLARSASRASASSASSS,Rhoto
qvae_sample_1057,MLSRRLLRRLLRRARSASRASASSSS,Rhoto
qvae_sample_1058,MAARRLLRRLLRRARSAAAASASSSSSS,Rhoto
qvae_sample_1059,MASRRLLRRLRLRRSSAARARASSSSSS,Rhoto
qvae_sample_1060,MASRRLRRRARLRRSSSARARRRSRS,Rhoto
qvae_sample_1061,MLARLLLRRARRRARSAARARSSSSSSS,Rhoto
qvae_sample_1063,MASLRLRRRLRRRRSLAARARRSSSS,Rhoto
qvae_sample_1064,MASRRLRRRLLRRRRAASRASSSLSS,Rhoto
qvae_sample_1065,MAARRLRRRLLRLRSSAARARASSSSSSS,Rhoto
qvae_sample_1066,MAARRLRRRLLRLRRSASRSRASLSSRS,Rhoto
qvae_sample_1067,MLARRLRRRLRRLARSAARASSRSRSA,Rhoto
qvae_sample_1068,MLARRLLRRLLRLARSAARALSSSRSA,Rhoto
qvae_sample_1069,MASRRLLRRRRRRASSAAAARSSSRSAS,Rhoto
qvae_sample_1070,MASRLLLRRARRLRRSAARARSSSRSAS,Rhoto
qvae_sample_1071,MASRRLLRRLLRRARAASRASSSSR,Rhoto
qvae_sample_1072,MAARLLLRRALRRRRSASRALRSSSSSS,Rhoto
qvae_sample_1073,MLRRRLLRRARRRRSSAAAARSRSSSSS,Rhoto
qvae_sample_1075,MAARLLLRLARRRRRSASSARASSSSSS,Rhoto
qvae_sample_1076,MLSRRLRRRALRRRRSASRARSSSRS,Rhoto
qvae_sample_1077,MAARRLRRRARRRSRSAAAASASSRSSS,Rhoto
qvae_sample_1078,MLARRLLRRLRRRRSAAARALASSRSSS,Rhoto
qvae_sample_1079,MLARRLLRRLRRRASSASRARALSRSSS,Rhoto
qvae_sample_1080,MLARRLLRRLRRAASSASRALASSRS,Rhoto
qvae_sample_1081,MLARALRRRARRRRRSASRARSRSRS,Rhoto
qvae_sample_1082,MLARRLLRRLRRRRSSASRARRSSRSSS,Rhoto
qvae_sample_1083,MLSRRLLRRRLRARLSASRARASSRS,Rhoto
qvae_sample_1084,MAARRLRRRLLRRARSASRARARSRSSS,Rhoto
qvae_sample_1087,MLARRLLRRLLRRRRSASRARSSLRS,Rhoto
qvae_sample_1088,MLARRLRRRLLRRRRSASRARASLSSSS,Rhoto
qvae_sample_1089,MAARRLRRRALRRRRSAASARSRLSS,Rhoto
qvae_sample_1090,MLARRLRRRALRLARSASSRRASLSSSS,Rhoto
qvae_sample_1091,MLARRLRRRALRRRRSASRLSASLSS,Rhoto
qvae_sample_1092,MLARRLLRRLRRRRSSASRAASLASSRS,Rhoto
qvae_sample_1093,MLSRRLRRRLLRRRRSSSRASSSASSR,Rhoto
qvae_sample_1095,MAARRLRRRARRRRRLSARARSSARS,Rhoto
qvae_sample_1096,MLSRRLRRRLLRRRRRASSASSSASS,Rhoto
qvae_sample_1097,MAARRLRRRLRRRARSASRARASSSSSS,Rhoto
qvae_sample_1098,MARRRLLRRARRRRSSASRRRARSSSSS,Rhoto
qvae_sample_1099,MLRRRLRRRALRRSRSAARARSRSSSS,Rhoto
qvae_sample_1100,MLARRLRRRARRLRSSASSARARSSSSSS,Rhoto
qvae_sample_1101,MLRRRLRRRLRRRRRSASRARASASSR,Rhoto
qvae_sample_1102,MLRRRLRRRALRLRSSAARARARRSSS,Rhoto
qvae_sample_1103,MAARRLRRRLRRRSRSAARASARRSSSS,Rhoto
qvae_sample_1104,MLSRLLLRRALRLRSSAARSRARSSSSS,Rhoto
qvae_sample_1105,MLARLLLRRALRLRRSASSSRARSSSRSS,Rhoto
qvae_sample_1106,MLSRRLLRRLLRLRLAASRSRSSSSS,Rhoto
qvae_sample_1107,MASRLLLRRLLRRSRSAAASRARRRSSS,Rhoto
qvae_sample_1112,MAARALRRRLLRARSAASRAAASASSSS,Rhoto
qvae_sample_1113,MAARLLRRRLRRLRRSARRAASRASSS,Rhoto
qvae_sample_1114,MAARRLRRRALRLRSSAARARSSASS,Rhoto
qvae_sample_1115,MAARLLLRRALRLRRSASSRRASLSSSS,Rhoto
qvae_sample_1116,MAARRLRRRLLRLRRAASRARSSLSS,Rhoto
qvae_sample_1118,MAARRLRRRLLRRSRSAARASASRSSSS,Rhoto
qvae_sample_1179,MLSRRLLRRLLRRRRSASSARSSLS,Rhoto
qvae_sample_1180,MAARRLLRRALRRRRSAARARASLSSR,Rhoto
